cable_name,emc_class,from_node,from_x_m,from_y_m,from_z_m,to_node,to_x_m,to_y_m,to_z_m,length_m,waypoint_count,bundled_with,shared_length_m,sharing_ratio
P1,power,209,0.3002,1.3234,1.4996,3665,5.6976,1.3126,1.509,5.8204,55,P2,5.4176,0.931
P2,power,274,0.4054,1.2434,1.5665,3602,5.6,1.2361,1.5723,5.6986,53,P1,5.4176,0.951
S1,signal,213,0.3091,0.9905,1.7375,3669,5.7023,1.0036,1.7299,5.5975,55,S2,5.257,0.939
S2,signal,278,0.4113,0.9071,1.7825,3606,5.5893,0.9097,1.7811,5.3889,53,S1;S4,5.3889,1.0
D1,data,216,0.2889,0.7181,1.8666,3673,5.6954,0.6503,1.8913,5.5349,55,D2;D3,4.337,0.784
D2,data,231,0.2976,-0.7173,1.8669,3688,5.7035,-0.8313,1.819,6.8245,60,D1,3.2084,0.47
S3,signal,234,0.313,-1.0054,1.7289,3691,5.703,-1.0948,1.6737,5.4763,55,S4,4.7976,0.876
P3,power,238,0.2855,-1.3129,1.5088,3695,5.6977,-1.3986,1.4296,5.904,55,P4,5.3062,0.899
P4,power,303,0.4004,-1.3871,1.4409,3632,5.603,-1.4663,1.3602,5.6111,53,P3,5.3062,0.946
D3,data,281,0.3904,0.6283,1.8988,3622,5.5985,-0.6449,1.8932,6.3269,63,D1,1.1286,0.178
S4,signal,556,0.7938,-1.1656,1.6253,3348,5.2082,1.0762,1.6858,7.8631,75,S2;S3,4.9295,0.627
